OrderID,OrderDate,Region,Category,SubCategory,Customer,Quantity,Sales,Discount,Profit,RepeatCustomer
1000,2025-05-06,North,Furniture,Bookcases,Customer_014,2,392.14,0.15,51.82,Yes
1001,2025-10-15,South,Office Supplies,Binders,Customer_001,4,192.66,0.1,34.21,No
1002,2025-06-24,South,Office Supplies,Envelopes,Customer_023,2,130.75,0,18.96,Yes
1003,2025-10-02,East,Furniture,Storage,Customer_037,5,797.0,0.2,130.47,No
1004,2025-01-24,South,Office Supplies,Binders,Customer_054,4,331.34,0,48.05,Yes
1005,2025-07-01,East,Furniture,Bookcases,Customer_016,2,415.68,0.15,73.76,No
1006,2025-05-19,South,Technology,Copiers,Customer_021,6,3339.0,0,358.15,Yes
1007,2025-04-19,West,Technology,Phones,Customer_042,4,1236.0,0.2,172.85,No
1008,2025-03-13,West,Furniture,Bookcases,Customer_009,7,947.52,0.15,120.69,Yes
1009,2025-02-26,West,Furniture,Chairs,Customer_034,2,207.32,0.1,27.13,No
1010,2025-12-15,East,Office Supplies,Binders,Customer_011,5,249.0,0.2,26.9,Yes
1011,2025-09-14,West,Furniture,Bookcases,Customer_024,5,1547.72,0.2,219.05,Yes
1012,2025-11-03,South,Office Supplies,Binders,Customer_006,5,392.08,0,25.28,No
1013,2025-02-05,North,Office Supplies,Envelopes,Customer_039,8,115.46,0.15,8.96,Yes
1014,2025-06-09,West,Furniture,Tables,Customer_002,8,1494.88,0,167.39,Yes
1015,2025-01-04,South,Office Supplies,Paper,Customer_043,1,23.28,0,1.58,Yes
1016,2025-10-20,West,Furniture,Tables,Customer_023,7,1727.32,0,127.1,No
1017,2025-01-28,West,Technology,Copiers,Customer_016,7,3585.96,0.2,386.78,No
1018,2025-03-13,South,Furniture,Storage,Customer_007,2,628.69,0.1,142.59,No
1019,2025-02-17,North,Office Supplies,Binders,Customer_004,8,139.79,0.1,13.01,Yes
1020,2025-07-19,South,Technology,Phones,Customer_036,7,4689.69,0.2,1085.49,No
1021,2025-06-01,West,Furniture,Tables,Customer_031,1,125.58,0.2,12.9,Yes
1022,2025-04-06,South,Furniture,Chairs,Customer_038,7,849.89,0,242.56,No
1023,2025-08-03,North,Office Supplies,Binders,Customer_017,5,143.64,0,31.23,Yes
1024,2025-08-23,West,Furniture,Bookcases,Customer_005,8,1270.94,0.15,323.67,No
1025,2025-03-09,South,Office Supplies,Labels,Customer_046,6,446.96,0,39.97,No
1026,2025-12-08,East,Office Supplies,Binders,Customer_036,3,180.69,0,14.25,Yes
1027,2025-11-06,South,Technology,Machines,Customer_055,5,1612.59,0.15,235.94,No
1028,2025-05-22,North,Furniture,Storage,Customer_028,5,514.63,0,121.1,No
1029,2025-12-20,North,Furniture,Chairs,Customer_058,3,1650.13,0.1,121.57,Yes
1030,2025-12-16,North,Technology,Accessories,Customer_016,7,889.67,0.15,179.5,No
1031,2025-01-13,South,Furniture,Storage,Customer_018,7,1273.52,0.2,271.02,No
1032,2025-07-15,South,Office Supplies,Binders,Customer_015,8,182.13,0,23.0,No
1033,2025-07-24,South,Furniture,Tables,Customer_054,5,1316.16,0,276.88,Yes
1034,2025-05-14,East,Furniture,Chairs,Customer_021,2,380.28,0.15,51.28,No
1035,2025-07-17,West,Office Supplies,Binders,Customer_044,7,37.9,0,6.82,No
1036,2025-02-05,South,Technology,Copiers,Customer_043,2,1555.21,0.2,342.16,No
1037,2025-12-23,West,Technology,Copiers,Customer_037,7,661.87,0.2,125.51,Yes
1038,2025-06-05,East,Technology,Phones,Customer_033,6,2457.95,0.1,354.93,No
1039,2025-12-04,West,Office Supplies,Paper,Customer_044,6,204.64,0,52.1,No
1040,2025-03-17,East,Furniture,Tables,Customer_013,2,203.94,0.1,28.19,No
1041,2025-05-05,West,Technology,Copiers,Customer_045,2,735.43,0.1,69.31,No
1042,2025-03-04,West,Furniture,Tables,Customer_033,6,1237.7,0.1,226.31,No
1043,2025-03-23,West,Office Supplies,Envelopes,Customer_032,4,63.54,0.2,6.07,No
1044,2025-02-09,South,Technology,Copiers,Customer_010,2,474.33,0,41.6,Yes
1045,2025-07-28,South,Furniture,Storage,Customer_045,7,1852.63,0.1,460.54,No
1046,2025-09-02,North,Office Supplies,Envelopes,Customer_039,7,430.57,0.15,86.69,Yes
1047,2025-05-20,South,Technology,Accessories,Customer_009,7,527.5,0.2,38.51,Yes
1048,2025-02-12,North,Technology,Phones,Customer_021,1,151.77,0,21.97,Yes
1049,2025-08-04,East,Technology,Machines,Customer_042,1,122.57,0,13.0,Yes
1050,2025-04-13,North,Furniture,Tables,Customer_030,8,4131.19,0.2,259.76,No
1051,2025-11-07,East,Technology,Accessories,Customer_020,3,2016.12,0,155.29,Yes
1052,2025-02-08,West,Technology,Accessories,Customer_037,5,2187.02,0.2,350.1,Yes
1053,2025-12-05,North,Technology,Copiers,Customer_041,7,3006.29,0.1,206.67,No
1054,2025-08-11,West,Office Supplies,Paper,Customer_018,8,279.68,0.1,40.0,No
1055,2025-05-23,East,Furniture,Chairs,Customer_012,7,4146.05,0,237.05,No
1056,2025-05-13,West,Furniture,Bookcases,Customer_006,5,835.17,0.15,37.3,No
1057,2025-09-08,South,Office Supplies,Envelopes,Customer_015,8,341.94,0.1,76.39,Yes
1058,2025-06-06,West,Office Supplies,Paper,Customer_023,6,181.39,0.1,48.84,No
1059,2025-05-09,West,Technology,Machines,Customer_047,3,1152.38,0,119.96,No
1060,2025-06-01,East,Furniture,Tables,Customer_019,3,654.36,0,40.16,Yes
1061,2025-02-22,South,Office Supplies,Envelopes,Customer_056,8,337.72,0,32.45,Yes
1062,2025-07-25,West,Furniture,Chairs,Customer_006,3,654.63,0,165.48,No
1063,2025-11-07,South,Furniture,Storage,Customer_038,7,2866.4,0.1,714.92,Yes
1064,2025-11-09,West,Technology,Phones,Customer_012,4,323.51,0,69.59,Yes
1065,2025-07-29,North,Furniture,Chairs,Customer_030,4,1257.05,0,285.02,No
1066,2025-05-16,North,Office Supplies,Paper,Customer_010,4,218.35,0.1,15.46,Yes
1067,2025-01-31,East,Furniture,Chairs,Customer_045,5,914.54,0.1,66.74,No
1068,2025-08-13,West,Technology,Copiers,Customer_044,6,311.59,0.15,29.82,Yes
1069,2025-10-23,North,Office Supplies,Labels,Customer_041,8,322.3,0,30.74,No
1070,2025-06-28,West,Furniture,Storage,Customer_043,3,570.06,0,87.17,No
1071,2025-08-21,West,Office Supplies,Binders,Customer_056,7,62.31,0.15,13.57,Yes
1072,2025-04-07,West,Technology,Phones,Customer_060,8,2688.27,0,271.22,No
1073,2025-03-04,East,Technology,Copiers,Customer_006,3,1724.31,0,323.67,No
1074,2025-03-02,South,Furniture,Storage,Customer_031,5,2188.25,0.15,421.02,Yes
1075,2025-10-10,West,Furniture,Storage,Customer_027,3,302.67,0,36.04,No
1076,2025-01-02,East,Office Supplies,Labels,Customer_022,8,431.38,0,69.73,Yes
1077,2025-04-07,West,Technology,Machines,Customer_059,7,1042.42,0,135.04,No
1078,2025-09-11,West,Technology,Accessories,Customer_034,6,564.27,0,151.53,No
1079,2025-07-29,West,Furniture,Tables,Customer_006,5,1731.88,0,356.45,No
1080,2025-06-12,East,Office Supplies,Envelopes,Customer_059,1,45.76,0.15,2.61,No
1081,2025-08-11,East,Furniture,Chairs,Customer_002,2,1295.22,0.1,106.77,Yes
1082,2025-05-31,North,Technology,Phones,Customer_012,7,2611.11,0.15,489.28,Yes
1083,2025-11-14,North,Office Supplies,Envelopes,Customer_043,4,194.95,0.1,36.75,Yes
1084,2025-12-13,North,Technology,Machines,Customer_030,5,526.98,0.2,122.47,No
1085,2025-09-05,East,Furniture,Storage,Customer_043,5,745.03,0.2,73.79,No
1086,2025-10-17,West,Technology,Phones,Customer_052,8,3295.42,0,803.87,No
1087,2025-11-14,East,Furniture,Tables,Customer_003,3,694.08,0.2,41.25,No
1088,2025-10-24,East,Technology,Phones,Customer_051,6,980.49,0.2,120.7,Yes
1089,2025-03-26,East,Office Supplies,Labels,Customer_030,5,226.26,0.2,48.44,No
1090,2025-12-13,North,Furniture,Tables,Customer_035,6,2739.56,0,678.51,Yes
1091,2025-12-11,North,Technology,Machines,Customer_040,6,1479.73,0,323.63,Yes
1092,2025-11-28,East,Office Supplies,Paper,Customer_003,5,402.62,0.2,48.98,Yes
1093,2025-02-19,East,Technology,Phones,Customer_035,6,2990.86,0.2,687.53,No
1094,2025-08-01,West,Office Supplies,Paper,Customer_029,5,166.32,0,37.02,Yes
1095,2025-12-18,South,Technology,Phones,Customer_055,1,762.59,0.1,81.65,No
1096,2025-11-25,West,Furniture,Tables,Customer_014,6,1608.89,0,478.17,No
1097,2025-10-28,North,Office Supplies,Paper,Customer_010,3,88.93,0.15,3.83,No
1098,2025-03-31,South,Office Supplies,Labels,Customer_017,6,93.78,0,18.49,Yes
1099,2025-09-27,North,Furniture,Storage,Customer_015,6,834.59,0.15,140.76,Yes
1100,2025-08-23,North,Office Supplies,Labels,Customer_059,7,559.26,0.1,111.5,Yes
1101,2025-06-14,West,Furniture,Chairs,Customer_030,6,1545.63,0.1,415.45,No
1102,2025-12-02,West,Furniture,Chairs,Customer_022,4,1088.04,0.1,159.51,No
1103,2025-02-18,West,Technology,Copiers,Customer_054,3,554.57,0.2,124.55,Yes
1104,2025-02-19,North,Furniture,Storage,Customer_043,1,467.19,0.15,114.83,No
1105,2025-12-07,North,Technology,Machines,Customer_037,1,367.2,0,73.48,Yes
1106,2025-04-25,South,Furniture,Storage,Customer_055,2,1093.22,0,211.57,No
1107,2025-01-15,North,Office Supplies,Labels,Customer_037,6,169.04,0,8.71,No
1108,2025-11-21,West,Furniture,Tables,Customer_020,7,2663.3,0.1,391.69,Yes
1109,2025-01-27,East,Office Supplies,Binders,Customer_039,2,19.21,0,3.09,Yes
1110,2025-04-21,West,Technology,Machines,Customer_043,5,439.93,0.2,77.29,No
1111,2025-07-22,East,Furniture,Tables,Customer_008,4,2604.41,0,627.77,Yes
1112,2025-03-31,North,Technology,Copiers,Customer_028,6,2696.62,0,402.52,No
1113,2025-06-10,North,Technology,Phones,Customer_021,7,3360.35,0,264.77,Yes
1114,2025-12-20,South,Office Supplies,Envelopes,Customer_026,4,287.01,0.1,50.94,No
1115,2025-04-24,East,Office Supplies,Labels,Customer_023,2,95.23,0.15,14.37,No
1116,2025-05-01,East,Office Supplies,Paper,Customer_041,3,59.44,0.2,3.27,No
1117,2025-12-15,West,Technology,Copiers,Customer_031,6,1846.14,0.2,190.57,No
1118,2025-05-21,West,Office Supplies,Labels,Customer_019,8,54.93,0.1,2.94,No
1119,2025-11-11,North,Office Supplies,Binders,Customer_013,1,48.52,0.1,12.11,No
1120,2025-09-14,East,Office Supplies,Envelopes,Customer_003,6,84.23,0.2,4.79,No
1121,2025-08-13,South,Office Supplies,Envelopes,Customer_039,5,169.53,0.1,23.22,Yes
1122,2025-02-03,North,Office Supplies,Labels,Customer_039,5,169.96,0.2,35.74,No
1123,2025-10-26,South,Technology,Phones,Customer_020,7,5421.06,0,1077.49,No
1124,2025-03-07,West,Office Supplies,Labels,Customer_002,2,78.53,0.2,13.67,No
1125,2025-04-20,East,Technology,Accessories,Customer_007,3,2061.24,0,142.83,No
1126,2025-11-13,North,Office Supplies,Labels,Customer_044,3,51.51,0.2,6.57,Yes
1127,2025-08-18,South,Technology,Machines,Customer_029,8,1926.76,0,273.52,No
1128,2025-09-15,West,Technology,Copiers,Customer_024,3,1510.67,0,95.24,No
1129,2025-05-26,North,Office Supplies,Binders,Customer_053,3,116.1,0.1,7.62,No
1130,2025-08-01,West,Technology,Phones,Customer_007,2,554.46,0,58.85,No
1131,2025-01-20,East,Furniture,Tables,Customer_058,3,756.29,0.2,101.21,No
1132,2025-04-21,North,Furniture,Bookcases,Customer_008,7,3599.27,0,878.38,Yes
1133,2025-11-24,North,Furniture,Storage,Customer_037,8,3942.62,0.15,616.67,No
1134,2025-05-30,South,Office Supplies,Paper,Customer_024,7,169.36,0,36.6,Yes
1135,2025-07-19,North,Office Supplies,Binders,Customer_005,6,204.1,0,48.34,Yes
1136,2025-10-25,East,Furniture,Chairs,Customer_030,6,3051.16,0.2,228.89,No
1137,2025-03-11,West,Office Supplies,Paper,Customer_003,5,127.81,0,7.79,Yes
1138,2025-10-06,East,Technology,Copiers,Customer_042,5,426.06,0,113.13,Yes
1139,2025-07-08,East,Technology,Phones,Customer_032,7,2695.13,0,790.83,Yes
1140,2025-02-12,East,Office Supplies,Labels,Customer_021,3,165.61,0.15,17.38,Yes
1141,2025-11-05,East,Technology,Copiers,Customer_040,8,1539.86,0,356.79,No
1142,2025-02-08,West,Technology,Phones,Customer_051,3,691.58,0,59.26,No
1143,2025-02-04,West,Furniture,Tables,Customer_024,1,131.77,0.15,9.9,No
1144,2025-10-21,East,Technology,Phones,Customer_012,5,1788.67,0,518.95,Yes
1145,2025-10-15,West,Office Supplies,Envelopes,Customer_032,4,150.29,0.15,15.51,No
1146,2025-02-07,South,Furniture,Tables,Customer_043,2,661.63,0.2,154.5,No
1147,2025-10-09,East,Office Supplies,Binders,Customer_013,3,227.21,0,40.26,Yes
1148,2025-01-14,South,Furniture,Storage,Customer_026,3,843.15,0.15,194.26,Yes
1149,2025-07-29,West,Office Supplies,Envelopes,Customer_009,2,101.31,0.1,15.18,No
1150,2025-09-15,South,Furniture,Storage,Customer_046,3,1743.75,0,158.97,Yes
1151,2025-02-10,South,Technology,Machines,Customer_033,3,1657.82,0.2,166.72,No
1152,2025-03-29,South,Office Supplies,Paper,Customer_050,1,52.9,0,3.72,No
1153,2025-10-20,East,Office Supplies,Paper,Customer_052,5,232.94,0.2,53.89,Yes
1154,2025-02-07,West,Technology,Copiers,Customer_056,8,876.51,0,118.37,Yes
1155,2025-07-24,East,Office Supplies,Labels,Customer_016,6,311.02,0,51.82,Yes
1156,2025-05-29,South,Furniture,Chairs,Customer_013,3,1800.54,0,510.34,No
1157,2025-09-13,South,Technology,Copiers,Customer_038,7,3109.25,0.15,434.24,Yes
1158,2025-05-25,East,Furniture,Chairs,Customer_028,8,2968.64,0,546.74,No
1159,2025-07-26,South,Technology,Machines,Customer_033,4,1471.83,0,277.15,Yes
1160,2025-11-16,West,Office Supplies,Labels,Customer_024,7,355.5,0,88.42,No
1161,2025-09-14,South,Furniture,Storage,Customer_033,8,847.83,0.15,118.37,No
1162,2025-03-25,South,Technology,Machines,Customer_046,6,3227.96,0.15,705.35,No
1163,2025-07-08,East,Technology,Phones,Customer_039,5,727.12,0.2,155.91,No
1164,2025-01-27,West,Technology,Accessories,Customer_037,7,809.37,0,206.73,No
1165,2025-08-14,North,Furniture,Chairs,Customer_056,7,1701.84,0.15,352.59,No
1166,2025-09-23,North,Office Supplies,Paper,Customer_035,7,382.67,0,110.66,Yes
1167,2025-12-13,East,Office Supplies,Labels,Customer_018,5,292.87,0.15,42.58,No
1168,2025-05-28,East,Furniture,Bookcases,Customer_047,8,3929.63,0,747.11,No
1169,2025-10-21,East,Technology,Phones,Customer_046,6,2209.49,0,270.91,Yes
1170,2025-12-02,North,Technology,Copiers,Customer_040,5,2046.55,0.15,389.74,Yes
1171,2025-12-09,South,Furniture,Chairs,Customer_044,2,1156.46,0.1,137.98,Yes
1172,2025-07-28,South,Furniture,Tables,Customer_059,4,1761.92,0,229.56,No
1173,2025-10-01,North,Office Supplies,Paper,Customer_059,3,23.39,0.1,5.7,Yes
1174,2025-04-06,North,Technology,Copiers,Customer_060,1,771.6,0,96.14,No
1175,2025-11-25,East,Technology,Copiers,Customer_011,8,3699.82,0,363.33,Yes
1176,2025-04-06,West,Office Supplies,Labels,Customer_026,4,70.53,0,14.3,No
1177,2025-02-14,West,Office Supplies,Labels,Customer_025,8,408.86,0,116.1,Yes
1178,2025-06-18,South,Technology,Machines,Customer_030,6,3730.62,0.2,325.54,No
1179,2025-12-18,East,Furniture,Storage,Customer_019,5,1877.21,0.2,119.17,No
1180,2025-04-23,East,Office Supplies,Paper,Customer_049,6,258.21,0.1,52.4,No
1181,2025-09-27,South,Furniture,Chairs,Customer_013,2,655.85,0,168.68,No
1182,2025-09-24,South,Furniture,Bookcases,Customer_004,8,2601.96,0,714.82,Yes
1183,2025-08-22,West,Furniture,Storage,Customer_001,5,1213.01,0.2,53.8,No
1184,2025-01-24,South,Office Supplies,Binders,Customer_019,1,47.87,0,14.2,Yes
1185,2025-11-25,West,Furniture,Tables,Customer_025,7,2678.74,0.1,644.68,No
1186,2025-12-01,North,Office Supplies,Paper,Customer_054,7,556.24,0.15,38.69,No
1187,2025-08-26,North,Furniture,Bookcases,Customer_013,4,1720.88,0,284.21,Yes
1188,2025-11-11,North,Furniture,Storage,Customer_039,4,1913.39,0,143.93,Yes
1189,2025-07-25,North,Furniture,Chairs,Customer_053,1,308.26,0,54.25,Yes
1190,2025-05-02,East,Office Supplies,Labels,Customer_038,4,239.87,0.1,27.01,Yes
1191,2025-10-12,South,Office Supplies,Envelopes,Customer_010,7,555.8,0.15,61.27,Yes
1192,2025-10-03,East,Technology,Accessories,Customer_027,3,2267.12,0.1,568.63,No
1193,2025-05-11,South,Technology,Accessories,Customer_004,6,3370.69,0,619.9,No
1194,2025-02-07,East,Technology,Phones,Customer_020,4,2733.6,0.1,251.49,No
1195,2025-03-02,North,Furniture,Tables,Customer_050,4,1873.51,0.1,470.07,No
1196,2025-10-01,East,Technology,Copiers,Customer_031,8,2475.59,0.1,166.33,No
1197,2025-06-10,East,Furniture,Bookcases,Customer_038,3,974.3,0,112.23,No
1198,2025-04-11,West,Technology,Accessories,Customer_017,8,1741.38,0.15,316.24,No
1199,2025-08-24,West,Office Supplies,Envelopes,Customer_042,8,92.01,0,25.69,No
1200,2025-02-08,North,Office Supplies,Binders,Customer_046,7,436.28,0,113.71,Yes
1201,2025-09-16,South,Furniture,Tables,Customer_036,8,2663.85,0.2,366.47,Yes
1202,2025-09-29,West,Furniture,Chairs,Customer_010,7,2072.71,0,159.09,Yes
1203,2025-07-01,South,Furniture,Bookcases,Customer_015,7,1609.72,0.1,277.07,No
1204,2025-12-01,East,Office Supplies,Binders,Customer_041,7,56.8,0.1,7.38,Yes
1205,2025-02-12,North,Office Supplies,Paper,Customer_058,2,127.66,0.15,30.36,Yes
1206,2025-02-08,West,Technology,Phones,Customer_014,1,169.18,0,47.74,No
1207,2025-02-09,South,Office Supplies,Envelopes,Customer_049,7,349.14,0.2,76.57,Yes
1208,2025-09-14,South,Office Supplies,Binders,Customer_039,4,51.77,0,7.0,No
1209,2025-11-21,West,Technology,Phones,Customer_044,6,3098.31,0.15,751.32,No
1210,2025-05-07,West,Furniture,Bookcases,Customer_006,3,879.09,0.2,103.67,No
1211,2025-07-04,North,Technology,Copiers,Customer_007,7,886.71,0.1,151.03,Yes
1212,2025-10-11,North,Furniture,Bookcases,Customer_006,7,898.75,0,110.51,Yes
1213,2025-12-17,South,Office Supplies,Paper,Customer_027,8,231.71,0,15.25,Yes
1214,2025-07-04,East,Technology,Phones,Customer_026,4,1033.75,0.1,71.4,Yes
1215,2025-06-18,East,Office Supplies,Envelopes,Customer_013,3,220.32,0,28.68,No
1216,2025-07-23,West,Technology,Accessories,Customer_018,8,1396.65,0.15,291.44,No
1217,2025-10-16,West,Technology,Phones,Customer_029,1,518.67,0.2,68.63,No
1218,2025-07-29,East,Office Supplies,Binders,Customer_025,5,152.42,0.2,10.8,Yes
1219,2025-10-26,North,Technology,Copiers,Customer_045,7,3009.72,0.15,151.43,No
1220,2025-12-03,North,Furniture,Tables,Customer_001,7,2979.49,0,868.31,Yes
1221,2025-09-19,North,Technology,Accessories,Customer_044,4,1873.98,0.1,242.07,Yes
1222,2025-09-05,South,Technology,Phones,Customer_030,2,760.16,0.2,51.95,Yes
1223,2025-06-28,South,Office Supplies,Envelopes,Customer_008,6,360.72,0,45.11,No
1224,2025-12-13,North,Technology,Phones,Customer_030,3,2242.33,0.15,171.6,No
1225,2025-04-06,South,Technology,Accessories,Customer_046,4,1571.22,0.1,280.06,Yes
1226,2025-12-27,South,Furniture,Bookcases,Customer_017,3,1576.7,0,207.33,Yes
1227,2025-11-02,West,Office Supplies,Labels,Customer_046,6,52.91,0.1,9.73,No
1228,2025-12-11,East,Office Supplies,Binders,Customer_027,3,92.08,0,20.57,Yes
1229,2025-08-05,South,Office Supplies,Envelopes,Customer_012,3,179.57,0.15,14.0,Yes
1230,2025-07-03,East,Technology,Phones,Customer_044,7,3183.62,0.15,477.24,Yes
1231,2025-09-08,West,Technology,Copiers,Customer_019,4,1232.53,0,71.7,No
1232,2025-10-09,South,Technology,Copiers,Customer_047,6,3021.07,0.15,656.49,Yes
1233,2025-08-06,West,Office Supplies,Paper,Customer_053,5,199.39,0,32.39,No
1234,2025-05-02,North,Technology,Phones,Customer_053,7,4222.47,0,861.54,No
1235,2025-09-30,South,Furniture,Bookcases,Customer_033,5,1187.36,0,229.38,No
1236,2025-01-31,North,Furniture,Storage,Customer_016,3,1788.28,0,154.8,Yes
1237,2025-10-23,West,Technology,Accessories,Customer_026,2,677.12,0.2,134.69,No
1238,2025-08-21,East,Office Supplies,Labels,Customer_045,2,11.41,0.2,2.67,No
1239,2025-04-22,East,Furniture,Storage,Customer_037,6,3850.62,0,517.67,No
1240,2025-01-24,West,Technology,Phones,Customer_028,2,829.29,0,132.95,Yes
1241,2025-11-29,South,Office Supplies,Paper,Customer_043,2,148.56,0.2,16.65,Yes
1242,2025-11-17,South,Furniture,Storage,Customer_005,2,501.62,0.2,29.61,Yes
1243,2025-09-23,South,Office Supplies,Paper,Customer_015,2,120.06,0.1,24.15,Yes
1244,2025-02-22,West,Furniture,Chairs,Customer_034,3,473.74,0.2,113.03,Yes
1245,2025-08-14,North,Office Supplies,Paper,Customer_006,7,427.84,0.15,80.6,No
1246,2025-10-29,North,Furniture,Chairs,Customer_036,3,1378.81,0,164.41,Yes
1247,2025-12-04,East,Office Supplies,Binders,Customer_051,4,222.29,0.2,26.31,No
1248,2025-02-27,South,Technology,Copiers,Customer_056,1,554.99,0,157.33,Yes
1249,2025-08-30,West,Technology,Accessories,Customer_004,2,816.11,0,94.3,Yes
1250,2025-11-18,West,Office Supplies,Labels,Customer_010,7,167.3,0,35.16,No
1251,2025-02-10,East,Furniture,Bookcases,Customer_042,6,2282.8,0.1,403.94,No
1252,2025-05-03,North,Technology,Copiers,Customer_048,8,917.28,0.15,157.66,Yes
1253,2025-12-29,South,Furniture,Chairs,Customer_017,6,953.51,0.15,145.32,No
1254,2025-05-18,South,Technology,Accessories,Customer_046,6,872.82,0.1,92.69,Yes
1255,2025-09-19,North,Technology,Copiers,Customer_037,6,2548.25,0,289.94,Yes
1256,2025-01-23,North,Furniture,Chairs,Customer_055,6,3159.11,0.1,796.26,Yes
1257,2025-04-25,North,Office Supplies,Envelopes,Customer_044,5,295.11,0,56.92,Yes
1258,2025-09-22,North,Furniture,Tables,Customer_006,8,4722.68,0,1149.41,Yes
1259,2025-04-13,West,Furniture,Bookcases,Customer_050,4,602.24,0.1,77.0,No
1260,2025-03-19,South,Office Supplies,Paper,Customer_022,6,141.59,0.2,29.44,No
1261,2025-06-07,North,Office Supplies,Envelopes,Customer_018,8,182.9,0,53.62,Yes
1262,2025-09-24,North,Furniture,Tables,Customer_053,2,589.58,0.15,37.03,Yes
1263,2025-08-11,West,Furniture,Chairs,Customer_021,6,1655.44,0.1,335.5,No
1264,2025-02-08,West,Technology,Accessories,Customer_021,2,197.71,0,15.11,No
1265,2025-04-17,West,Furniture,Bookcases,Customer_046,2,409.5,0,103.15,No
1266,2025-03-17,North,Furniture,Bookcases,Customer_012,1,127.43,0.2,12.71,No
1267,2025-10-12,North,Technology,Copiers,Customer_015,3,712.17,0,37.74,No
1268,2025-07-10,South,Furniture,Storage,Customer_058,5,2293.56,0,127.18,Yes
1269,2025-06-19,West,Furniture,Chairs,Customer_044,7,653.9,0.2,77.81,Yes
1270,2025-04-20,West,Furniture,Bookcases,Customer_042,3,1077.02,0,219.2,No
1271,2025-10-09,East,Technology,Copiers,Customer_016,7,891.59,0,187.83,No
1272,2025-09-03,North,Technology,Machines,Customer_039,6,2481.06,0.1,262.62,Yes
1273,2025-01-30,South,Furniture,Bookcases,Customer_018,4,2102.1,0,157.73,No
1274,2025-07-01,North,Furniture,Storage,Customer_023,4,2265.23,0.15,249.35,No
1275,2025-10-18,North,Office Supplies,Labels,Customer_006,8,152.94,0.15,16.54,Yes
1276,2025-01-11,North,Furniture,Tables,Customer_052,4,1415.01,0,191.29,Yes
1277,2025-03-17,East,Furniture,Chairs,Customer_026,6,2541.24,0,364.41,No
1278,2025-06-15,North,Technology,Machines,Customer_036,8,1345.02,0.2,139.15,No
1279,2025-07-13,East,Furniture,Tables,Customer_050,1,263.5,0.2,60.54,Yes
1280,2025-11-10,North,Furniture,Bookcases,Customer_021,3,584.6,0,138.16,Yes
1281,2025-12-29,South,Office Supplies,Binders,Customer_023,1,31.69,0,3.25,No
1282,2025-01-25,East,Furniture,Chairs,Customer_025,7,2161.29,0.1,526.05,Yes
1283,2025-03-25,North,Technology,Accessories,Customer_022,1,649.4,0,74.86,Yes
1284,2025-02-08,South,Technology,Accessories,Customer_011,8,6078.18,0.2,280.8,No
1285,2025-02-21,West,Furniture,Chairs,Customer_004,5,819.55,0.2,78.93,No
1286,2025-03-20,West,Office Supplies,Envelopes,Customer_041,8,60.18,0,4.47,Yes
1287,2025-03-01,East,Furniture,Storage,Customer_024,5,1321.89,0,278.21,Yes
1288,2025-08-17,West,Technology,Accessories,Customer_043,5,1234.37,0.15,68.63,No
1289,2025-10-05,North,Furniture,Bookcases,Customer_035,1,295.27,0.1,67.66,Yes
1290,2025-09-01,West,Office Supplies,Paper,Customer_037,1,44.88,0.15,7.36,No
1291,2025-03-30,South,Furniture,Storage,Customer_044,4,2408.75,0,146.14,Yes
1292,2025-11-01,West,Furniture,Tables,Customer_021,2,278.33,0,40.92,No
1293,2025-01-07,East,Office Supplies,Envelopes,Customer_038,7,340.28,0,52.27,Yes
1294,2025-05-27,North,Furniture,Chairs,Customer_031,5,2655.44,0.1,510.71,No
1295,2025-07-26,North,Furniture,Bookcases,Customer_016,1,154.8,0.1,37.95,Yes
1296,2025-05-18,North,Office Supplies,Envelopes,Customer_045,5,331.52,0,39.81,Yes
1297,2025-06-03,North,Furniture,Tables,Customer_013,5,2932.97,0.2,361.8,No
1298,2025-09-06,West,Furniture,Storage,Customer_009,3,926.13,0,118.34,No
1299,2025-04-13,North,Furniture,Tables,Customer_030,6,3091.37,0.2,246.76,Yes
1300,2025-12-15,West,Office Supplies,Binders,Customer_011,3,96.63,0.1,17.11,No
1301,2025-05-26,East,Office Supplies,Binders,Customer_018,4,303.76,0,64.35,No
1302,2025-12-16,West,Office Supplies,Binders,Customer_020,1,34.81,0,3.94,No
1303,2025-06-28,East,Technology,Copiers,Customer_043,7,1645.16,0.15,105.69,Yes
1304,2025-06-02,East,Office Supplies,Labels,Customer_042,5,166.22,0.2,17.46,Yes
1305,2025-09-22,East,Furniture,Tables,Customer_002,7,3680.96,0.2,382.51,Yes
1306,2025-08-03,West,Technology,Machines,Customer_035,4,1566.63,0,362.89,No
1307,2025-09-17,West,Office Supplies,Labels,Customer_017,3,105.93,0,7.88,Yes
1308,2025-12-02,South,Office Supplies,Labels,Customer_017,5,319.28,0.1,70.98,Yes
1309,2025-08-29,East,Technology,Phones,Customer_056,2,1156.75,0.1,283.54,Yes
1310,2025-07-31,West,Office Supplies,Labels,Customer_059,4,39.79,0,6.06,No
1311,2025-04-03,West,Furniture,Bookcases,Customer_018,3,945.85,0,197.33,Yes
1312,2025-09-08,South,Furniture,Tables,Customer_031,7,3589.08,0.2,451.8,Yes
1313,2025-10-01,West,Furniture,Chairs,Customer_041,6,716.41,0.15,59.46,No
1314,2025-06-09,South,Furniture,Bookcases,Customer_019,3,463.19,0,118.56,Yes
1315,2025-08-11,West,Office Supplies,Labels,Customer_059,8,159.67,0,37.93,Yes
1316,2025-04-25,West,Furniture,Tables,Customer_003,3,893.35,0,126.54,No
1317,2025-10-01,West,Office Supplies,Labels,Customer_008,2,11.18,0.2,2.32,Yes
1318,2025-03-05,West,Technology,Copiers,Customer_034,1,263.77,0,40.94,Yes
1319,2025-08-03,East,Office Supplies,Paper,Customer_013,2,129.6,0,10.17,Yes
1320,2025-07-03,South,Technology,Accessories,Customer_016,8,2280.71,0,506.43,Yes
1321,2025-02-26,North,Furniture,Chairs,Customer_058,2,1028.64,0.15,60.12,No
1322,2025-08-22,East,Office Supplies,Paper,Customer_024,2,87.61,0,23.53,No
1323,2025-02-18,East,Technology,Phones,Customer_058,3,2368.47,0.2,401.31,Yes
1324,2025-02-17,West,Office Supplies,Labels,Customer_055,7,61.6,0.1,6.54,No
1325,2025-02-27,West,Technology,Accessories,Customer_052,3,1159.88,0,178.63,No
1326,2025-07-03,West,Furniture,Storage,Customer_027,3,775.92,0.1,195.6,Yes
1327,2025-05-14,West,Furniture,Chairs,Customer_045,4,1093.52,0.2,234.7,No
1328,2025-09-04,North,Technology,Accessories,Customer_055,1,557.22,0,117.49,Yes
1329,2025-02-08,West,Technology,Accessories,Customer_025,5,944.04,0,166.84,No
1330,2025-08-24,West,Furniture,Chairs,Customer_048,8,1617.09,0.1,187.77,No
1331,2025-07-31,North,Furniture,Storage,Customer_030,5,493.16,0.15,79.89,No
1332,2025-04-25,East,Technology,Phones,Customer_008,8,2631.02,0.2,451.04,No
1333,2025-01-02,North,Office Supplies,Paper,Customer_003,5,386.66,0.15,59.32,No
1334,2025-07-29,South,Technology,Accessories,Customer_046,7,3734.82,0,613.49,No
1335,2025-01-24,East,Furniture,Storage,Customer_009,8,4944.24,0.1,954.99,No
1336,2025-10-11,West,Furniture,Chairs,Customer_009,3,1104.4,0.2,171.97,No
1337,2025-09-16,North,Technology,Machines,Customer_019,4,1455.99,0,217.62,Yes
1338,2025-07-31,West,Furniture,Tables,Customer_014,6,1533.92,0.2,287.4,No
1339,2025-12-18,South,Furniture,Bookcases,Customer_046,3,817.59,0.15,129.0,No
1340,2025-10-26,North,Technology,Copiers,Customer_002,5,2751.84,0.1,624.31,Yes
1341,2025-12-10,West,Furniture,Chairs,Customer_045,5,355.66,0.2,32.05,No
1342,2025-07-03,East,Furniture,Chairs,Customer_033,4,2214.49,0.2,375.19,Yes
1343,2025-07-15,East,Office Supplies,Binders,Customer_013,6,516.03,0.15,27.83,No
1344,2025-10-29,West,Furniture,Bookcases,Customer_005,4,947.02,0,153.61,No
1345,2025-07-13,South,Furniture,Chairs,Customer_030,3,318.56,0.15,70.81,Yes
1346,2025-06-15,South,Furniture,Tables,Customer_005,5,2049.48,0.1,456.48,No
1347,2025-04-05,East,Office Supplies,Paper,Customer_043,7,130.54,0,17.93,No
1348,2025-05-31,East,Technology,Machines,Customer_058,1,675.94,0,146.84,Yes
1349,2025-07-15,South,Furniture,Bookcases,Customer_024,5,2920.5,0,811.41,No
1350,2025-06-01,West,Technology,Phones,Customer_035,2,252.7,0,74.02,No
1351,2025-04-18,North,Office Supplies,Binders,Customer_057,7,489.1,0,49.59,No
1352,2025-12-18,West,Office Supplies,Binders,Customer_036,2,38.84,0,2.47,No
1353,2025-05-13,North,Office Supplies,Paper,Customer_001,6,212.0,0,31.24,Yes
1354,2025-12-25,North,Office Supplies,Binders,Customer_049,5,213.56,0.2,21.41,Yes
1355,2025-12-05,West,Technology,Copiers,Customer_020,7,760.95,0.15,80.04,No
1356,2025-03-05,East,Furniture,Tables,Customer_047,2,223.79,0,22.94,No
1357,2025-11-27,East,Furniture,Storage,Customer_037,5,2875.17,0,226.15,No
1358,2025-11-27,North,Office Supplies,Envelopes,Customer_022,2,20.1,0,4.65,Yes
1359,2025-02-21,East,Furniture,Tables,Customer_045,8,2008.79,0.1,238.8,No
1360,2025-06-11,South,Office Supplies,Labels,Customer_054,4,119.66,0.2,22.49,Yes
1361,2025-09-03,East,Furniture,Bookcases,Customer_018,2,705.5,0,149.13,Yes
1362,2025-05-15,South,Office Supplies,Paper,Customer_038,1,62.53,0.15,11.05,No
1363,2025-01-19,West,Office Supplies,Paper,Customer_015,8,415.5,0.2,81.04,No
1364,2025-09-14,East,Furniture,Storage,Customer_009,4,1519.82,0.15,285.55,No
1365,2025-10-17,West,Furniture,Tables,Customer_015,8,2981.32,0,179.19,No
1366,2025-04-30,North,Technology,Machines,Customer_003,6,1230.48,0.1,185.4,Yes
1367,2025-02-22,North,Office Supplies,Labels,Customer_042,5,336.12,0.15,53.17,Yes
1368,2025-09-22,West,Technology,Phones,Customer_051,7,3546.75,0,901.97,No
1369,2025-09-14,West,Office Supplies,Binders,Customer_039,5,72.31,0,6.33,Yes
1370,2025-08-01,North,Office Supplies,Paper,Customer_054,8,328.91,0.1,30.39,Yes
1371,2025-01-23,West,Furniture,Tables,Customer_060,1,95.23,0.15,7.02,Yes
1372,2025-11-03,South,Office Supplies,Envelopes,Customer_031,5,372.16,0,38.76,No
1373,2025-07-30,West,Furniture,Tables,Customer_047,3,765.25,0.15,139.79,No
1374,2025-04-28,East,Technology,Phones,Customer_058,7,1148.53,0,231.29,Yes
1375,2025-02-17,North,Office Supplies,Binders,Customer_024,1,50.26,0.2,8.54,Yes
1376,2025-04-28,North,Office Supplies,Envelopes,Customer_054,6,375.9,0.15,80.25,No
1377,2025-05-11,North,Technology,Accessories,Customer_013,5,1121.92,0.15,256.71,Yes
1378,2025-10-23,North,Office Supplies,Binders,Customer_007,4,132.51,0.2,26.62,Yes
1379,2025-05-14,South,Technology,Machines,Customer_036,5,1930.27,0.2,230.65,Yes
1380,2025-10-14,West,Furniture,Bookcases,Customer_056,6,1437.36,0.2,171.95,Yes
1381,2025-08-17,North,Office Supplies,Paper,Customer_044,7,87.65,0,21.93,No
1382,2025-11-22,North,Furniture,Storage,Customer_006,7,579.26,0,38.24,Yes
1383,2025-07-25,North,Office Supplies,Envelopes,Customer_013,1,58.37,0,12.26,Yes
1384,2025-11-03,East,Furniture,Chairs,Customer_011,1,380.03,0,41.73,Yes
1385,2025-06-30,North,Technology,Copiers,Customer_036,1,354.09,0.2,63.99,No
1386,2025-06-27,East,Office Supplies,Labels,Customer_017,4,222.1,0.1,56.45,No
1387,2025-10-14,South,Technology,Phones,Customer_045,5,1421.12,0.15,305.96,No
1388,2025-05-05,West,Technology,Copiers,Customer_017,8,4008.83,0.15,904.71,No
1389,2025-12-13,North,Technology,Accessories,Customer_017,6,3900.73,0.15,609.79,No
1390,2025-07-24,South,Technology,Phones,Customer_037,3,2097.29,0.1,242.49,Yes
1391,2025-09-13,East,Furniture,Tables,Customer_054,5,2548.14,0,273.42,No
1392,2025-03-03,East,Furniture,Chairs,Customer_024,1,614.35,0.15,151.18,No
1393,2025-09-09,East,Technology,Machines,Customer_034,7,4798.61,0,1139.87,Yes
1394,2025-09-15,West,Technology,Phones,Customer_045,8,3615.56,0,811.91,No
1395,2025-07-14,North,Furniture,Tables,Customer_031,5,1910.62,0,357.56,Yes
1396,2025-09-13,East,Technology,Accessories,Customer_009,6,2404.51,0.1,259.49,Yes
1397,2025-05-01,South,Furniture,Bookcases,Customer_032,3,1161.65,0.1,262.85,Yes
1398,2025-09-07,South,Office Supplies,Labels,Customer_053,7,349.77,0,77.87,Yes
1399,2025-08-19,East,Technology,Phones,Customer_056,5,1346.55,0,74.0,Yes
1400,2025-05-26,South,Office Supplies,Paper,Customer_041,8,349.12,0,50.72,Yes
1401,2025-08-04,South,Furniture,Bookcases,Customer_021,2,857.35,0,77.59,Yes
1402,2025-11-06,East,Office Supplies,Labels,Customer_027,6,253.22,0.2,39.85,No
1403,2025-03-06,South,Furniture,Chairs,Customer_005,2,962.73,0,88.31,Yes
1404,2025-01-14,West,Office Supplies,Binders,Customer_060,2,103.61,0,21.19,Yes
1405,2025-05-07,West,Technology,Accessories,Customer_059,3,745.62,0,43.83,No
1406,2025-10-04,East,Technology,Copiers,Customer_041,3,1522.65,0.15,258.07,No
1407,2025-06-27,West,Office Supplies,Labels,Customer_001,5,38.08,0,5.83,Yes
1408,2025-06-26,North,Office Supplies,Paper,Customer_052,8,452.66,0.1,50.88,No
1409,2025-01-04,East,Office Supplies,Paper,Customer_042,7,547.95,0.1,55.47,No
1410,2025-05-15,West,Technology,Accessories,Customer_018,5,1686.72,0,357.78,No
1411,2025-04-04,West,Furniture,Chairs,Customer_021,8,785.43,0,176.81,No
1412,2025-10-01,North,Furniture,Chairs,Customer_006,3,274.52,0.2,35.05,Yes
1413,2025-04-22,South,Furniture,Storage,Customer_006,6,1624.11,0.1,327.76,Yes
1414,2025-07-20,South,Furniture,Bookcases,Customer_050,5,614.88,0.1,142.26,Yes
1415,2025-05-07,South,Technology,Copiers,Customer_025,2,157.78,0.15,29.04,Yes
1416,2025-11-19,East,Technology,Accessories,Customer_024,2,1338.8,0,228.01,Yes
1417,2025-02-27,North,Office Supplies,Paper,Customer_001,5,30.65,0.15,2.08,No
1418,2025-12-19,North,Office Supplies,Envelopes,Customer_060,3,35.13,0.1,2.3,No
1419,2025-11-27,North,Furniture,Bookcases,Customer_042,8,1280.3,0,165.4,No
1420,2025-01-11,East,Technology,Accessories,Customer_035,1,350.49,0.1,71.5,No
1421,2025-10-06,West,Furniture,Tables,Customer_053,3,508.53,0,92.95,No
1422,2025-08-21,East,Office Supplies,Labels,Customer_040,3,110.31,0,22.61,Yes
1423,2025-12-04,South,Technology,Phones,Customer_027,8,5580.01,0.15,419.91,Yes
1424,2025-09-25,East,Furniture,Chairs,Customer_007,3,1394.66,0,140.19,Yes
1425,2025-12-03,North,Office Supplies,Envelopes,Customer_001,1,49.27,0,5.18,No
1426,2025-02-10,South,Office Supplies,Envelopes,Customer_040,7,235.71,0,58.59,Yes
1427,2025-02-06,East,Office Supplies,Binders,Customer_013,2,46.62,0,10.78,No
1428,2025-10-19,South,Office Supplies,Paper,Customer_023,7,449.74,0.2,27.48,No
1429,2025-02-23,West,Office Supplies,Envelopes,Customer_029,6,136.96,0.2,9.81,No
1430,2025-07-10,East,Technology,Machines,Customer_025,6,3464.54,0.15,324.47,No
1431,2025-08-18,East,Technology,Copiers,Customer_057,5,275.81,0.15,12.68,Yes
1432,2025-04-24,East,Furniture,Bookcases,Customer_037,5,1054.39,0.15,159.37,No
1433,2025-08-24,South,Furniture,Chairs,Customer_037,4,1112.75,0,126.92,Yes
1434,2025-02-09,West,Office Supplies,Paper,Customer_052,2,23.36,0.15,4.18,Yes
1435,2025-06-21,West,Furniture,Chairs,Customer_060,2,339.2,0,80.36,No
1436,2025-01-28,North,Office Supplies,Envelopes,Customer_004,3,136.48,0,23.97,Yes
1437,2025-04-24,West,Technology,Phones,Customer_036,6,2495.13,0,421.59,No
1438,2025-07-24,West,Technology,Phones,Customer_042,3,1229.22,0.1,210.0,No
1439,2025-05-05,South,Office Supplies,Paper,Customer_023,2,61.44,0,13.39,Yes
1440,2025-11-01,South,Technology,Machines,Customer_040,6,3951.74,0.15,857.87,No
1441,2025-04-30,South,Technology,Phones,Customer_040,2,693.77,0,162.96,Yes
1442,2025-06-25,South,Technology,Phones,Customer_014,1,140.13,0,14.33,No
1443,2025-11-15,East,Office Supplies,Envelopes,Customer_003,1,63.15,0.1,11.13,No
1444,2025-05-26,East,Furniture,Chairs,Customer_043,8,1622.39,0.2,371.58,Yes
1445,2025-02-25,East,Office Supplies,Labels,Customer_058,4,236.31,0.1,37.67,No
1446,2025-04-06,East,Technology,Phones,Customer_022,1,852.6,0,95.36,No
1447,2025-01-10,West,Technology,Accessories,Customer_017,4,816.23,0.15,82.54,Yes
1448,2025-04-26,West,Furniture,Bookcases,Customer_040,2,206.55,0.2,24.05,No
1449,2025-10-21,South,Technology,Accessories,Customer_009,6,4900.79,0.1,818.44,Yes
1450,2025-12-19,South,Furniture,Bookcases,Customer_021,3,1407.01,0.2,318.84,No
1451,2025-04-05,North,Office Supplies,Binders,Customer_048,6,357.19,0.1,93.32,Yes
1452,2025-02-24,East,Furniture,Tables,Customer_015,5,816.22,0.15,133.04,Yes
1453,2025-07-03,South,Office Supplies,Binders,Customer_025,8,126.47,0.2,21.49,Yes
1454,2025-03-25,West,Technology,Accessories,Customer_043,1,48.21,0,13.86,No
1455,2025-04-01,South,Furniture,Chairs,Customer_016,8,4721.59,0.2,495.67,Yes
1456,2025-11-08,West,Technology,Phones,Customer_057,1,217.93,0.15,14.32,No
1457,2025-01-21,North,Furniture,Storage,Customer_020,1,370.0,0,45.43,Yes
1458,2025-08-05,East,Technology,Accessories,Customer_047,3,2439.61,0.1,565.32,Yes
1459,2025-07-21,North,Furniture,Tables,Customer_042,4,1180.2,0.1,77.06,Yes
1460,2025-02-16,South,Office Supplies,Binders,Customer_011,7,236.82,0.2,46.94,No
1461,2025-01-23,West,Office Supplies,Envelopes,Customer_046,3,92.45,0,24.7,Yes
1462,2025-06-08,North,Technology,Machines,Customer_001,3,2312.17,0,635.0,No
1463,2025-09-12,East,Furniture,Storage,Customer_030,8,4618.36,0,481.32,No
1464,2025-11-04,West,Technology,Phones,Customer_023,4,607.19,0,58.42,Yes
1465,2025-12-08,North,Furniture,Chairs,Customer_011,2,761.22,0,58.78,No
1466,2025-08-22,East,Office Supplies,Paper,Customer_005,5,42.28,0,6.01,Yes
1467,2025-05-30,West,Office Supplies,Binders,Customer_014,6,270.88,0.15,35.33,Yes
1468,2025-09-05,North,Furniture,Chairs,Customer_034,5,2282.59,0.1,415.41,Yes
1469,2025-09-24,East,Furniture,Storage,Customer_008,4,2020.37,0.2,198.19,Yes
1470,2025-04-17,North,Technology,Phones,Customer_001,6,4795.44,0,911.63,No
1471,2025-05-11,South,Office Supplies,Labels,Customer_026,6,270.91,0,21.26,Yes
1472,2025-06-19,North,Furniture,Tables,Customer_041,8,4108.71,0,868.63,Yes
1473,2025-08-25,West,Office Supplies,Labels,Customer_035,5,197.26,0.15,38.77,No
1474,2025-07-01,North,Furniture,Bookcases,Customer_037,6,686.58,0.1,127.68,No
1475,2025-06-07,West,Furniture,Chairs,Customer_029,7,2032.66,0,354.22,No
1476,2025-03-31,East,Furniture,Bookcases,Customer_058,2,304.39,0.1,48.35,No
1477,2025-09-05,South,Furniture,Bookcases,Customer_044,3,1451.74,0,370.97,No
1478,2025-08-24,South,Furniture,Chairs,Customer_006,5,1478.12,0,327.79,No
1479,2025-02-22,East,Technology,Phones,Customer_013,5,2993.31,0.2,653.82,Yes
1480,2025-08-14,East,Technology,Machines,Customer_007,2,559.88,0,162.13,No
1481,2025-10-09,South,Office Supplies,Labels,Customer_040,5,303.59,0.15,28.7,Yes
1482,2025-01-26,East,Office Supplies,Envelopes,Customer_012,2,122.46,0.1,6.99,Yes
1483,2025-06-09,West,Office Supplies,Labels,Customer_052,2,80.44,0.1,13.9,Yes
1484,2025-06-08,West,Furniture,Storage,Customer_017,4,1133.41,0,97.39,No
1485,2025-12-25,East,Technology,Accessories,Customer_008,6,1965.12,0.1,303.98,Yes
1486,2025-03-29,East,Technology,Copiers,Customer_021,2,685.22,0.1,156.88,No
1487,2025-07-25,North,Technology,Copiers,Customer_053,3,686.79,0.1,90.22,Yes
1488,2025-10-06,West,Technology,Machines,Customer_036,8,935.03,0,185.17,No
1489,2025-06-07,North,Technology,Accessories,Customer_006,7,715.44,0,124.18,No
1490,2025-03-17,South,Furniture,Chairs,Customer_020,8,3558.73,0,360.91,No
1491,2025-02-15,East,Technology,Machines,Customer_004,3,1678.44,0,110.11,No
1492,2025-02-26,North,Office Supplies,Labels,Customer_025,7,158.5,0.2,16.42,Yes
1493,2025-12-06,West,Office Supplies,Paper,Customer_043,6,181.96,0.1,14.5,No
1494,2025-02-06,South,Furniture,Chairs,Customer_027,7,3066.14,0,218.2,No
1495,2025-11-16,West,Office Supplies,Envelopes,Customer_039,8,241.3,0.1,30.15,Yes
1496,2025-05-02,North,Office Supplies,Envelopes,Customer_046,6,446.95,0,131.65,No
1497,2025-12-20,East,Furniture,Storage,Customer_040,5,668.98,0.1,107.92,No
1498,2025-11-19,North,Furniture,Storage,Customer_050,5,2328.38,0.15,125.07,Yes
1499,2025-09-20,North,Technology,Copiers,Customer_060,6,2882.84,0,352.58,Yes
1500,2025-02-01,East,Office Supplies,Labels,Customer_006,5,263.8,0.2,43.49,Yes
1501,2025-05-23,South,Office Supplies,Binders,Customer_059,5,134.62,0,31.68,No
1502,2025-07-09,South,Office Supplies,Envelopes,Customer_022,8,483.49,0,120.8,No
1503,2025-09-11,North,Furniture,Tables,Customer_047,8,3771.49,0.2,631.78,Yes
1504,2025-03-01,East,Furniture,Bookcases,Customer_015,8,944.35,0.2,216.87,No
1505,2025-08-31,West,Office Supplies,Envelopes,Customer_034,5,122.22,0.1,16.0,No
1506,2025-08-10,North,Furniture,Bookcases,Customer_038,5,1987.26,0,497.97,Yes
1507,2025-12-11,West,Technology,Accessories,Customer_054,3,382.58,0,71.51,No
1508,2025-02-20,North,Furniture,Storage,Customer_006,5,1765.69,0,173.51,Yes
1509,2025-11-03,North,Office Supplies,Paper,Customer_037,3,41.99,0.1,8.09,No
1510,2025-05-10,South,Furniture,Tables,Customer_043,8,1958.68,0,474.67,No
1511,2025-02-07,East,Technology,Accessories,Customer_029,1,106.47,0,30.76,Yes
1512,2025-11-09,North,Technology,Accessories,Customer_029,7,3738.79,0,760.81,Yes
1513,2025-02-07,East,Furniture,Chairs,Customer_060,1,128.28,0.1,10.07,No
1514,2025-05-17,North,Office Supplies,Envelopes,Customer_031,1,34.35,0.15,6.62,No
1515,2025-10-04,West,Technology,Phones,Customer_023,8,1759.25,0,337.44,No
1516,2025-07-25,East,Office Supplies,Labels,Customer_054,6,353.3,0.15,79.08,Yes
1517,2025-04-01,West,Technology,Accessories,Customer_045,5,2520.81,0.2,297.51,Yes
1518,2025-11-20,East,Technology,Phones,Customer_025,1,211.31,0.2,50.56,Yes
1519,2025-09-13,North,Office Supplies,Labels,Customer_047,1,38.7,0,5.22,Yes
1520,2025-04-19,North,Technology,Phones,Customer_003,3,1651.46,0.2,257.41,No
1521,2025-08-30,South,Technology,Phones,Customer_020,3,1618.4,0,150.61,Yes
1522,2025-10-30,North,Technology,Accessories,Customer_052,4,2652.41,0,666.06,Yes
1523,2025-12-17,West,Technology,Phones,Customer_008,4,397.79,0,78.87,No
1524,2025-03-28,East,Furniture,Storage,Customer_040,1,486.28,0,36.47,No
1525,2025-09-07,West,Furniture,Chairs,Customer_031,5,396.42,0.1,79.7,No
1526,2025-11-24,South,Furniture,Tables,Customer_046,3,695.82,0.15,131.84,No
1527,2025-11-18,West,Office Supplies,Binders,Customer_007,4,94.66,0,7.51,No
1528,2025-08-26,East,Office Supplies,Paper,Customer_059,4,113.22,0,28.21,No
1529,2025-03-23,West,Technology,Accessories,Customer_052,5,267.59,0,42.46,No
1530,2025-01-27,West,Furniture,Chairs,Customer_047,8,2916.83,0.15,195.91,No
1531,2025-08-03,West,Office Supplies,Labels,Customer_027,2,38.25,0,4.09,No
1532,2025-02-07,South,Technology,Accessories,Customer_025,3,1301.91,0,367.1,Yes
1533,2025-04-10,East,Furniture,Storage,Customer_009,3,1348.55,0,300.8,Yes
1534,2025-08-03,North,Technology,Copiers,Customer_037,3,923.05,0.2,212.81,No
1535,2025-09-25,South,Furniture,Storage,Customer_056,8,2808.88,0,150.63,Yes
1536,2025-08-11,South,Furniture,Bookcases,Customer_003,3,1201.17,0.15,280.33,Yes
1537,2025-08-06,North,Technology,Phones,Customer_049,2,818.9,0.1,128.11,Yes
1538,2025-04-22,North,Office Supplies,Envelopes,Customer_046,2,107.15,0,18.21,Yes
1539,2025-08-21,West,Office Supplies,Binders,Customer_001,3,112.58,0,23.27,No
1540,2025-09-29,North,Technology,Machines,Customer_048,4,1477.71,0.2,83.04,No
1541,2025-01-27,North,Office Supplies,Labels,Customer_005,6,308.61,0,28.95,No
1542,2025-05-03,South,Furniture,Bookcases,Customer_058,4,1514.56,0.2,291.06,Yes
1543,2025-05-22,East,Office Supplies,Envelopes,Customer_035,2,85.65,0.1,17.53,No
1544,2025-12-11,East,Technology,Machines,Customer_006,2,1444.51,0,394.32,Yes
1545,2025-02-09,West,Furniture,Bookcases,Customer_041,8,711.72,0,191.27,No
1546,2025-12-16,North,Technology,Copiers,Customer_005,8,1192.16,0.2,201.4,Yes
1547,2025-07-30,North,Furniture,Bookcases,Customer_036,8,3047.41,0.15,560.71,Yes
1548,2025-10-18,West,Technology,Machines,Customer_050,5,2086.54,0,356.93,No
1549,2025-05-26,North,Furniture,Bookcases,Customer_045,5,1585.41,0,465.0,No
1550,2025-03-01,South,Furniture,Tables,Customer_003,5,532.34,0,51.17,No
1551,2025-07-10,East,Technology,Accessories,Customer_010,2,1719.52,0,259.89,Yes
1552,2025-01-03,West,Technology,Accessories,Customer_049,5,1493.73,0.1,368.35,No
1553,2025-06-23,South,Office Supplies,Envelopes,Customer_026,3,228.42,0.2,34.31,Yes
1554,2025-02-17,South,Technology,Machines,Customer_055,4,2125.68,0,210.29,Yes
1555,2025-09-20,West,Office Supplies,Binders,Customer_055,1,32.65,0.2,3.66,Yes
1556,2025-07-10,West,Technology,Copiers,Customer_029,8,1605.19,0.15,98.1,No
1557,2025-03-25,West,Technology,Machines,Customer_010,7,3538.86,0,916.13,No
1558,2025-09-26,South,Technology,Copiers,Customer_018,7,731.96,0,37.81,No
1559,2025-12-30,West,Furniture,Storage,Customer_053,7,1707.69,0,321.84,Yes
1560,2025-09-10,East,Office Supplies,Labels,Customer_054,1,7.71,0,0.89,No
1561,2025-08-02,West,Furniture,Bookcases,Customer_005,1,112.63,0,27.16,No
1562,2025-10-17,East,Office Supplies,Envelopes,Customer_055,2,124.18,0,22.12,No
1563,2025-03-16,East,Furniture,Chairs,Customer_059,3,812.57,0,96.02,Yes
1564,2025-05-30,East,Furniture,Bookcases,Customer_021,3,1172.81,0,234.2,Yes
1565,2025-05-19,East,Office Supplies,Labels,Customer_024,6,80.44,0,4.28,Yes
1566,2025-03-25,West,Technology,Machines,Customer_034,4,431.38,0.15,74.57,No
1567,2025-02-09,North,Technology,Copiers,Customer_029,6,890.54,0,198.38,Yes
1568,2025-01-15,East,Furniture,Bookcases,Customer_009,3,1541.49,0.2,131.51,Yes
1569,2025-02-09,North,Technology,Phones,Customer_038,4,1652.76,0,96.19,No
1570,2025-05-10,North,Technology,Phones,Customer_058,2,552.47,0,154.71,Yes
1571,2025-01-15,South,Furniture,Bookcases,Customer_047,6,801.39,0,72.24,No
1572,2025-02-20,South,Office Supplies,Binders,Customer_001,4,187.58,0,17.43,No
1573,2025-07-07,North,Furniture,Storage,Customer_028,2,886.06,0,229.21,No
1574,2025-07-28,South,Office Supplies,Paper,Customer_046,2,29.97,0.15,2.14,No
1575,2025-02-12,East,Office Supplies,Binders,Customer_036,5,144.49,0.2,33.99,Yes
1576,2025-04-07,West,Technology,Copiers,Customer_044,6,2812.16,0,149.6,No
1577,2025-09-25,North,Technology,Copiers,Customer_060,7,796.28,0.2,125.9,Yes
1578,2025-04-12,South,Furniture,Bookcases,Customer_018,2,537.79,0,139.57,No
1579,2025-07-02,East,Office Supplies,Envelopes,Customer_007,8,310.93,0.15,31.64,No
1580,2025-09-12,North,Technology,Copiers,Customer_012,1,756.8,0,132.09,Yes
1581,2025-03-20,West,Office Supplies,Labels,Customer_032,8,322.47,0.1,29.16,No
1582,2025-10-04,East,Office Supplies,Labels,Customer_025,7,56.75,0,8.28,Yes
1583,2025-01-17,West,Technology,Phones,Customer_025,3,1061.89,0.1,150.69,No
1584,2025-12-04,West,Furniture,Storage,Customer_038,3,717.54,0.15,38.99,No
1585,2025-05-26,West,Office Supplies,Labels,Customer_049,6,32.7,0,8.25,No
1586,2025-08-08,East,Technology,Phones,Customer_006,4,1399.31,0,152.04,Yes
1587,2025-06-22,North,Technology,Phones,Customer_002,7,3176.69,0.15,482.5,Yes
1588,2025-06-12,West,Office Supplies,Binders,Customer_032,8,249.29,0,55.52,Yes
1589,2025-07-06,East,Furniture,Bookcases,Customer_020,2,1285.03,0.15,113.07,Yes
1590,2025-10-24,West,Furniture,Chairs,Customer_042,8,672.16,0.1,61.97,No
1591,2025-08-10,East,Office Supplies,Labels,Customer_036,5,198.4,0.15,30.16,No
1592,2025-10-23,South,Furniture,Tables,Customer_040,8,2852.52,0,810.94,No
1593,2025-09-25,West,Office Supplies,Binders,Customer_059,5,74.84,0.1,10.28,No
1594,2025-07-31,North,Office Supplies,Paper,Customer_002,4,68.18,0.1,6.73,Yes
1595,2025-09-06,South,Technology,Copiers,Customer_017,1,395.95,0,35.57,Yes
1596,2025-11-26,East,Office Supplies,Paper,Customer_039,1,45.58,0,12.07,Yes
1597,2025-07-06,East,Furniture,Storage,Customer_060,3,1416.59,0,110.47,No
1598,2025-09-12,North,Office Supplies,Labels,Customer_052,6,85.02,0,21.94,No
1599,2025-03-15,South,Technology,Accessories,Customer_035,7,1547.77,0,411.28,Yes
1600,2025-06-12,East,Office Supplies,Binders,Customer_053,5,129.12,0,18.17,No
1601,2025-12-06,East,Furniture,Chairs,Customer_045,4,2179.98,0,410.23,Yes
1602,2025-10-01,East,Office Supplies,Binders,Customer_049,7,262.84,0,32.91,No
1603,2025-03-24,South,Technology,Accessories,Customer_050,7,3847.83,0,456.0,Yes
1604,2025-06-20,West,Technology,Copiers,Customer_027,3,1379.76,0.2,127.21,Yes
1605,2025-01-27,East,Technology,Phones,Customer_021,3,619.76,0,93.07,No
1606,2025-05-08,North,Furniture,Tables,Customer_021,3,1045.53,0.15,196.79,No
1607,2025-05-14,West,Technology,Accessories,Customer_026,5,1607.99,0,114.33,No
1608,2025-01-11,West,Office Supplies,Paper,Customer_045,4,139.19,0,40.86,Yes
1609,2025-11-13,South,Furniture,Storage,Customer_046,6,1909.09,0,547.55,Yes
1610,2025-03-02,West,Technology,Copiers,Customer_028,5,657.67,0,155.61,No
1611,2025-05-25,South,Office Supplies,Paper,Customer_040,3,58.36,0,7.15,Yes
1612,2025-10-26,West,Furniture,Bookcases,Customer_014,3,849.85,0,249.52,No
1613,2025-11-02,West,Office Supplies,Envelopes,Customer_039,6,36.69,0,6.15,No
1614,2025-09-16,North,Furniture,Bookcases,Customer_038,6,2413.33,0,704.73,No
1615,2025-09-15,South,Technology,Accessories,Customer_017,2,639.2,0,145.46,Yes
1616,2025-03-07,North,Technology,Phones,Customer_040,6,4680.17,0.1,508.54,No
1617,2025-08-12,East,Office Supplies,Labels,Customer_052,3,262.65,0.15,58.77,No
1618,2025-03-18,West,Furniture,Tables,Customer_058,3,211.33,0.2,28.2,Yes
1619,2025-07-02,West,Furniture,Storage,Customer_006,2,772.44,0.2,164.82,Yes
1620,2025-03-28,South,Technology,Accessories,Customer_050,4,2801.1,0.15,713.09,Yes
1621,2025-05-07,South,Technology,Phones,Customer_026,1,585.57,0,129.02,No
1622,2025-06-15,East,Office Supplies,Binders,Customer_043,8,592.26,0.1,110.39,Yes
1623,2025-12-02,North,Technology,Phones,Customer_019,3,1169.48,0,310.87,No
1624,2025-10-08,East,Furniture,Chairs,Customer_006,3,1897.46,0,552.66,No
1625,2025-07-18,North,Furniture,Tables,Customer_048,3,1456.01,0,181.47,No
1626,2025-07-03,East,Office Supplies,Paper,Customer_037,8,382.35,0.1,93.38,Yes
1627,2025-07-08,West,Furniture,Storage,Customer_015,1,259.49,0.15,29.87,No
1628,2025-05-29,South,Technology,Phones,Customer_020,5,574.28,0,170.01,No
1629,2025-06-01,South,Office Supplies,Envelopes,Customer_043,2,154.98,0.15,20.58,Yes
1630,2025-10-27,East,Technology,Machines,Customer_003,8,3762.73,0,927.68,No
1631,2025-06-10,North,Technology,Machines,Customer_012,5,1956.24,0,570.6,No
1632,2025-11-06,South,Furniture,Chairs,Customer_042,1,225.59,0,33.55,Yes
1633,2025-12-03,West,Technology,Copiers,Customer_026,6,1955.52,0.2,341.75,No
1634,2025-03-11,East,Furniture,Tables,Customer_042,4,383.75,0,39.26,No
1635,2025-02-14,South,Technology,Accessories,Customer_045,1,417.45,0,38.21,Yes
1636,2025-01-11,West,Technology,Copiers,Customer_055,7,2224.58,0,296.9,Yes
1637,2025-10-24,West,Technology,Copiers,Customer_040,8,2421.79,0.1,373.86,No
1638,2025-09-28,West,Furniture,Chairs,Customer_032,5,292.14,0.2,36.06,No
1639,2025-01-11,East,Technology,Copiers,Customer_044,8,5232.98,0,925.76,No
1640,2025-03-09,East,Office Supplies,Envelopes,Customer_031,7,263.94,0.2,45.0,Yes
1641,2025-05-25,South,Office Supplies,Paper,Customer_051,3,129.83,0,11.57,Yes
1642,2025-05-01,West,Technology,Machines,Customer_056,5,277.18,0,60.77,Yes
1643,2025-08-09,North,Furniture,Bookcases,Customer_050,8,1114.11,0,332.47,No
1644,2025-03-19,North,Office Supplies,Labels,Customer_052,2,100.64,0.2,5.04,No
1645,2025-11-09,West,Furniture,Chairs,Customer_056,1,258.06,0.15,16.75,No
1646,2025-05-30,South,Technology,Accessories,Customer_009,2,1305.09,0,276.38,Yes
1647,2025-08-01,North,Furniture,Storage,Customer_018,8,3839.95,0,467.28,Yes
1648,2025-07-04,East,Office Supplies,Envelopes,Customer_059,7,473.48,0,40.01,Yes
1649,2025-01-16,West,Technology,Machines,Customer_050,2,815.9,0,109.8,No
